cluster_id,centroid_lat,centroid_lon,total_violations,total_capacity_loss,num_nodes,primary_police_station,road_name,lanes,vulnerability_index,predicted_risk,slope,commercial_density,transit_density,dining_density,corporate_density,elevation,priority_score
3,12.971499999999999,77.5735,100441,32392.25,8,Upparpet,MG Road Central Commercial,3,0.866658559922201,0.712188495,0.0,0.8512216112749899,0.8483022824161269,0.5769090442832099,0.3650369303473293,900.0,1.0
4,12.970499999999998,77.5915,5451,1382.8999999999999,5,Cubbon Park,MG Road Central Commercial,3,0.7216694957076951,0.565169664,0.0,0.7260974256469805,0.608291739365445,0.5460457741412795,0.25495227030591944,900.0,0.04963932408109949
5,12.93493956043956,77.62677472527471,3234,1043.15,7,Adugodi,Koramangala Inner Ring Road,2,0.8184383244291448,0.6344203485714287,0.0,0.6726600310765429,0.44446973772709847,0.9545757127541233,0.7687707964273631,900.0,0.03220028035308174
1,12.974375000000002,77.62023863636364,2420,872.8999999999999,8,Halasur,MG Road Central Commercial,3,0.5039275453025963,0.3946734175,0.0,0.46488170519967864,0.27678924223102397,0.4830491693948069,0.2560190187750112,900.0,0.02523536949569167
2,12.898,77.63,1694,587.4,9,HSR Layout,Hosur Road NH 44,4,0.1225918044934368,0.10043143866666666,0.0,0.022016232921525557,0.014584757550907067,0.031259750295567434,0.025237847129975868,900.0,0.01737296045451529
6,12.913933333333334,77.67886666666666,1035,344.95,6,Bellandur,Sarjapur Road,2,0.1286864831638736,0.10590988183333332,0.0,9.239147429470483e-05,6.106122066264072e-05,0.00013114041102151844,0.00010563273499802248,900.0,0.010442395018104296
0,12.9191,77.6712,231,82.0,4,Bellandur,Sarjapur Road,2,0.12237757439490485,0.10298373975000001,0.0,0.0009137586794183501,0.0006032687877125249,0.0012966726629361,0.00104350414833785,900.0,0.0023925024642515065
