cluster_id,centroid_lat,centroid_lon,total_violations,total_capacity_loss,num_nodes,primary_police_station,road_name,lanes,vulnerability_index,predicted_risk,slope,commercial_density,transit_density,dining_density,corporate_density,elevation,priority_score
3,12.971499999999999,77.5735,100365,32367.95,8,Upparpet,MG Road Central Commercial,3,0.7726906740683545,0.0074185074,0.010630537852900263,0.8512216112749899,0.8483022824161269,0.2884545221416049,0.2241851318403313,902.8207851382886,1.0
4,12.970499999999998,77.5915,5451,1382.8999999999999,5,Cubbon Park,MG Road Central Commercial,3,0.6699723527677451,0.00274883042,0.01807214156006482,0.7260974256469805,0.608291739365445,0.32302288707063975,0.12747613515295966,918.4855530607296,0.049676801880443294
5,12.93493956043956,77.62677472527471,3227,1039.45,7,Adugodi,Koramangala Inner Ring Road,2,0.8529512177990387,0.0025300491714285714,0.005658893221337729,0.6726600310765429,0.44446973772709847,0.6201449992342045,0.455813969642253,890.6670157254466,0.032137008421960815
1,12.974375000000002,77.62023863636364,2419,872.3999999999999,8,Halasur,MG Road Central Commercial,3,0.46270295458712585,0.0026119597124999996,0.003104043336919725,0.46488170519967864,0.27678924223102397,0.24152458469740345,0.1905095093875056,957.1620115602877,0.02524225150307427
2,12.898,77.63,1694,587.4,9,HSR Layout,Hosur Road NH 44,4,0.16567170088402414,0.002149303888888889,0.008430117732481611,0.022016232921525557,0.014584757550907067,0.07118543070333928,0.06817447912054347,953.954621903815,0.017386068786287838
6,12.913933333333334,77.67886666666666,1035,344.95,6,Bellandur,Sarjapur Road,2,0.20241093292803689,0.0021828646666666664,0.017619698595092086,9.239147429470483e-05,6.106122066264072e-05,0.08339890353884409,0.08338614970083232,895.2480093633703,0.010450274716541634
0,12.9191,77.6712,231,82.0,4,Bellandur,Sarjapur Road,2,0.18132994917802686,0.00219188745,0.012885620880896249,0.0009137586794183501,0.0006032687877125249,0.12564833633146802,0.04218841874083557,877.1411846051241,0.0023943075782643245
